sequence,hb,st,rb,pr0,pr1
A1,0.0721671052631579,0.3393973684210526,8.591345263157896,11.000840350877192,9.523810526315788
G2,5.647509210526316,2.8203859649122807,12.668323157894736,11.738663157894738,5.3289912280701754
G3,8.170705263157895,2.9266921052631583,11.515524210526314,9.53771754385965,11.086549122807018
G4,10.18517894736842,4.021315789473684,10.442971578947366,7.090317543859648,10.656331578947368
T5,4.704510526315789,2.760554385964912,15.23912,7.672422807017544,13.593766666666667
T6,2.304488157894737,2.181263157894737,13.338263157894739,10.75308947368421,3.949261403508772
A7,2.7983302631578946,3.172444736842105,11.613614736842106,8.991735087719297,3.745735087719298
G8,9.901005263157895,2.9020868421052635,11.030959999999999,10.247161403508771,6.941187719298247
G9,8.71303552631579,3.029373684210526,9.616399999999999,9.517891228070175,10.472743859649123
G10,10.46789736842105,3.923814035087719,9.26452105263158,4.852959649122806,11.156963157894737
T11,4.114334210526316,2.754289473684211,15.695954736842106,8.328845614035087,14.512359649122809
T12,3.2113565789473686,2.2190131578947367,13.513153684210526,11.559100000000003,4.5462
A13,3.404827631578948,3.2118245614035086,12.15376842105263,9.31691052631579,3.919905263157894
G14,9.909648684210525,2.9111377192982455,10.905246315789475,11.050901754385965,7.135563157894736
G15,8.44011447368421,3.0646377192982457,10.316536842105265,10.317175438596491,10.881063157894737
G16,10.124540789473683,3.9953991228070174,9.774833684210527,6.4803228070175445,11.327878947368422
T17,4.901236842105263,2.741000877192983,15.776704210526317,7.592387719298246,14.658985964912281
T18,3.474700000000001,2.1315140350877195,13.56432,11.276277192982457,4.51961403508772
A19,2.5086526315789475,2.929021929824562,11.774067368421052,8.737775438596492,3.9390982456140358
G20,8.900436842105263,2.7726736842105266,9.891084210526317,9.826410526315788,7.882121052631579
G21,8.212530263157895,2.339614035087719,11.404307368421053,8.87306315789474,11.47821052631579
G22,1.3001394736842105,,10.684155789473683,6.885414035087719,
