sequence,hb,st,rb,pr0,pr1
A1,0.06653779369475728,0.3430726138927208,5.855667765741883,3.3616708621795546,4.517896048378838
G2,3.572047395686193,0.2794465843889324,0.8937713994146914,1.9018136547826838,1.1626058961905577
G3,0.5924484876563665,0.11206642958977807,2.9269586604192934,1.4884882700810718,0.9846549697372173
G4,0.6036421955319292,0.08592549573374038,0.7464183495516228,1.6281249833105722,1.2560468687918018
T5,0.21137175490573448,0.08516799155345967,0.5364948173302537,2.9200717754169587,0.8718926833243684
T6,0.2915957037921328,0.08968299221113686,0.799141991784889,1.2231557890667426,1.583409125720578
A7,1.5129307398037035,0.12356940932681333,1.2758438059372852,1.9493585542800735,1.103473243309712
G8,0.3970778582675136,0.09093446707282868,2.209146923668853,2.215203380381188,1.3783476851870717
G9,1.1709906692126288,0.0641713101532423,2.3242455912881113,2.3894036128377802,1.229358876474641
G10,0.4776110352937386,0.12710938291161508,1.0999224866118456,1.959584394321035,0.8973063296590879
T11,1.4636362411722912,0.0727771387186799,0.9106624036464916,3.3923430279142375,0.5402329233113257
T12,1.3406925269406818,0.03582867910297297,1.0732417804028782,1.4107614172128098,1.2470476246016795
A13,0.8003439431171805,0.08792709300443484,1.1876253233016583,2.30641265083515,0.7730124708928992
G14,0.2884112484410744,0.06320797262821118,1.510272378525037,1.5025739313982984,1.1863202873526761
G15,1.1408810678264005,0.06294657636923698,1.3183869797641723,1.6241972229739559,0.37821425535001635
G16,0.6235722227845856,0.09090017086894064,1.0495598623349511,1.96656995537642,0.9263183870031214
T17,0.1928297893596154,0.13930519114538398,1.3162654654839692,2.442366719924322,1.7503817254684197
T18,1.2313000490955799,0.21315143766461572,0.7462542730791489,1.155189645915851,1.1692525538167053
A19,1.1166537128880103,0.7139195044246381,2.14687838371292,2.189740903914617,1.1001352193249794
G20,3.1561081322612483,0.15227736068650463,2.596511210541979,2.782611804084199,0.9454563218074878
G21,2.266415169451083,0.487147207238703,1.804305175815894,1.6629841094426039,1.090293532118455
G22,0.9160503159820527,,2.05022602633172,2.030965645481333,
